{"height":20,"layers":[{"data":[0,0,0,0,0,0,0,0,0,0,0,0,0,0,0,0,0,0,0,0],"height":20,"name":"Wall Layer","opacity":1,"type":"tilelayer","visible":true,"width":1,"x":0,"y":0},{"data":[0,0,0,0,0,0,0,0,0,0,0,0,0,0,0,0,0,0,0,0],"height":20,"name":"Ball Layer","opacity":1,"type":"tilelayer","visible":true,"width":1,"x":0,"y":0}],"nextobjectid":1,"orientation":"orthogonal","properties":{},"renderorder":"right-down","tileheight":32,"tilesets":[{"firstgid":1,"image":"..\\..\\tiles\\pacman-tiles-32x32.png","imageheight":96,"imagewidth":96,"margin":0,"name":"tilesheet","properties":{},"spacing":0,"tileheight":32,"tilewidth":32}],"tilewidth":32,"version":1,"width":1,"id":34}