{
  "height": 0,
  "layers": [{
    "data": [],
    "height": 0,
    "name": "Wall Layer",
    "opacity": 1,
    "type": "tilelayer",
    "visible": true,
    "width": 0,
    "x": 0,
    "y": 0
  }, {
    "data": [],
    "height": 0,
    "name": "Ball Layer",
    "opacity": 1,
    "type": "tilelayer",
    "visible": true,
    "width": 0,
    "x": 0,
    "y": 0
  }],
  "nextobjectid": 1,
  "orientation": "orthogonal",
  "properties": {},
  "renderorder": "right-down",
  "tileheight": 32,
  "tilesets": [{
    "firstgid": 1,
    "image": "../tiles/pacman-tiles-32x32.png",
    "imageheight": 96,
    "imagewidth": 96,
    "margin": 0,
    "name": "tilesheet",
    "properties": {},
    "spacing": 0,
    "tileheight": 32,
    "tilewidth": 32
  }],
  "tilewidth": 32,
  "version": 1,
  "width": 0
}